distance,hood,shooter
6.28,0.6,86
5.7658,0.65,80
4.2281,0.29268,75
3.2131,0.1365853659,70
2.286,0,62
1.438,0,52
